{"position":{"x":210.918212890625,"y":-2.46783447265625,"z":-21.11956787109375},"health":5}