{"position":{"x":275.3198547363281,"y":-2.551422119140625,"z":-21.11956787109375},"health":5}