{"position":{"x":-2.46954345703125,"y":-2.551422119140625,"z":-21.11956787109375},"health":5}